tweet,label
Apple Vision Pro looks futuristic and impressive,positive
The price of Vision Pro is way too high,negative
Not sure if Vision Pro is worth buying,neutral
The display quality is amazing on Vision Pro,positive
I think Vision Pro is overpriced,negative
It might change how we use technology,neutral
Apple did a great job with Vision Pro,positive
Too expensive for most people,negative
Vision Pro seems interesting but not necessary,neutral
The features are mind blowing,positive
This headset is not affordable at all,negative
Not everyone will need Vision Pro,neutral
Apple Vision Pro is a game changer,positive
The cost is ridiculous,negative
Still unsure about its real use,neutral
Amazing innovation by Apple,positive
Price makes it inaccessible,negative
It could be useful in future,neutral
Vision Pro is revolutionary,positive
Too costly for normal users,negative
Not convinced about its benefits,neutral
Incredible technology advancement,positive
Expensive and unnecessary,negative
Might be useful for professionals,neutral
I love the design and features,positive
Price is a major drawback,negative
Not sure how often it will be used,neutral
Best innovation by Apple in years,positive
It’s not worth the money,negative
Looks cool but unsure about practicality,neutral
The experience seems immersive,positive
Overpriced product,negative
Still waiting for real-world use cases,neutral
Apple nailed it with Vision Pro,positive
Too expensive for average buyers,negative
It may replace screens in future,neutral
Very impressive hardware,positive
Cost is too high for mass adoption,negative
Need more clarity about usage,neutral
A big step in AR/VR tech,positive
Not affordable at all,negative
Could be useful in business applications,neutral
The technology is outstanding,positive
Very costly device,negative
Still exploring its real impact,neutral
Fantastic product by Apple,positive
Price makes it less appealing,negative
May become popular later,neutral
A breakthrough innovation,positive
Too expensive for what it offers,negative
Need time to evaluate its value,neutral
Great user experience,positive
Price is disappointing,negative
Unsure about long term usage,neutral
Very advanced technology,positive
Not budget friendly,negative
Still early to judge,neutral
Highly innovative product,positive
Too costly for general users,negative
Might improve in next versions,neutral
Love the concept,positive
Price is not justified,negative
Need more real use examples,neutral
Superb display and features,positive
Not worth such high cost,negative
Unsure if it's practical,neutral
Excellent innovation,positive
Very expensive gadget,negative
Could change digital interaction,neutral
Amazing performance,positive
Cost is a big issue,negative
Not sure about its success,neutral
Very futuristic device,positive
Too costly for average person,negative
Needs more applications,neutral
Impressive launch by Apple,positive
Price is unrealistic,negative
May gain popularity later,neutral
Fantastic design,positive
Overpriced hardware,negative
Still skeptical about it,neutral
Cutting edge technology,positive
Too expensive to justify,negative
Might be useful in future tech,neutral
Very exciting product,positive
Price is too high for market,negative
Not convinced yet,neutral
High quality experience,positive
Cost is limiting its reach,negative
Still unsure about its impact,neutral
Revolutionary device,positive
Too expensive for its features,negative
Need more clarity on usage,neutral
Great innovation overall,positive
Price is biggest downside,negative
Unsure if it will succeed,neutral
